Year,Population,Population_Age1+,GrowthRate,ToTFemales,ToTFemales_Age1+,ToTMales,ToTMales_Age1+,BreedFemales,BreedFemales_Age1+,BreedMales,BreedEvents_Females,Females_NoMate,Migrants,DisperseDeaths,Births,Male_Age0Deaths,Female_Age0Deaths,Male_AgeDeaths1+,Female_AgeDeaths1+,Alleles,He,Ho,Mutations,MateDistED,MateDistEDstd,Female_DispDistED,Female_DispDistEDstd,Male_DispDistED,Male_DispDistEDstd,MateDistCD,MateDistCDstd,Female_DispDistCD,Female_DispDistCDstd,Male_DispDistCD,Male_DispDistCDstd,p1,p2,q1,q2,Infected,SubpopImmigration,SubpopEmigration,SubpopNoMate,FemalesMeanMate,MalesMeanMate,FemalesSDMate,MalesSDMate,OpenLocations,CouldNotDisperse,MatureSelectionDeaths,Twins,EpigeneMod_A1,EpigeneMod_A2,EpigeneDeaths,EpigeneResets_A1,EpigeneResets_A2
0,16|4|4|3|5|,16|,0.8125,8|2|2|2|2|,8|,8|2|2|1|3|,8|,8|2|2|2|2|,8|,8|2|2|1|3|,16,0,9,2,11,0,0,6|,6|,20|20|20|20|20|,0.49|0.4719|0.4312|0.4056|0.472|,0.525|0.525|0.45|0.5666666666666667|0.56|,0,2.0902656443589556,0.8326400999307207,1.5,1.5,1.8100066253871385,0.850809036185361,0.0,0.0,0.0,0.0,0.0,0.0,0.625,0.375,0.5,0.5,0,2|2|1|1|,3|1|1|1|,2.2857142857142856,2.0,0.880630571852711,0.7071067811865476,3,0,0,0,NA,NA,NA,NA,NA,
1,13|3|3|3|4|,9|,0.5384615384615384,4|1|1|1|1|,2|,9|2|2|2|3|,7|,4|1|1|1|1|,4|,9|2|2|2|3|,13,0,6,4,10,0,0,6|,2|,20|20|20|20|20|,0.48|0.4222|0.4222|0.4111|0.4312|,0.47692307692307695|0.6|0.4666666666666667|0.3333333333333333|0.5|,0,1.9377545777115848,0.7935506166421789,3.605551275463989,0.0,1.412899020449196,0.7769918648310951,0.0,0.0,0.0,0.0,0.0,0.0,0.5,0.5,0.5384615384615384,0.46153846153846156,0,1|1|1|1|,0|2|0|2|,4.333333333333333,1.625,2.6246692913372702,0.9921567416492215,9,0,0,0,NA,NA,NA,NA,NA,
2,7|1|2|2|2|,6|,NA,1|0|0|0|1|,1|,6|1|2|2|1|,5|,1|0|0|0|1|,1|,6|1|2|2|1|,7,0,3,2,5,0,0,4|,1|,20|15|19|19|19|,0.47|0.25|0.3875|0.35|0.4|,0.5714285714285714|0.5|0.65|0.5|0.6|,0,2.324118175762274,0.6749944905214391,0,0,2.132781879222723,0.885762264376014,0.0,0.0,0,0,0.0,0.0,0.42857142857142855,0.5714285714285714,0.5714285714285714,0.42857142857142855,0,1|2|0|0|,0|0|0|3|,7.0,1.1666666666666667,0.0,0.3726779962499649,12,0,0,0,NA,NA,NA,NA,NA,
